{"instagram": {"count": 4, "last_reset": 1754167896.3040125}, "tiktok": {"count": 3, "last_reset": 1754167896.3040147}, "pinterest": {"count": 0, "last_reset": 1754167896.3040156}}